<?xml version="1.0" encoding="UTF-8"?>
<instances xmlns="http://www.optimizationBenchmarking.org/formats/experimentDataInterchange/experimentDataInterchange.1.0.xsd">
  <instance name="small"
            description="The small-scale problem.">
    <feature name="n"
             featureDescription="The problem scale."
             value="10" />
  </instance>
  <instance name="medium"
            description="The medium-scale problem.">
    <feature name="n"
             value="100" />
  </instance>
  <instance name="large"
            description="The large-scale problem.">
    <feature name="n"
             value="1000" />
  </instance>
</instances>
